Timestamp,Do you voluntarily agree to participate in this research? ,  Age  ,Gender,  Highest Educational Qualification  ,  Occupation  ,  Monthly Income  ,  Which social media platform do you use most?  ,  How much time do you spend on social media daily?  ,  Have you ever purchased a product after seeing it on social media?  ,  Which type of products do you purchase most through social media?  ,Social media influences my purchasing decisions. ,Advertisements on social media encourage me to buy products. ,Influencer recommendations increase my interest in products. ,I trust products recommended by social media influencers. ,Customer reviews on social media influence my buying decisions. ,Product images and videos on social media attract me. ,Social media promotions and discounts motivate me to purchase products. ,Limited-time offers on social media encourage me to buy immediately. ,Celebrity endorsements on social media influence my buying decisions. ,"The number of likes, comments, and shares increases my trust in a product. ",I compare products after seeing them on social media. ,Social media helps me make informed purchasing decisions. ,I follow brands on social media for product updates. ,Social media has changed my shopping habits. ,I spend more time exploring products because of social media. ,I prefer buying products that are recommended by influencers. ,Social media provides reliable product information. ,I feel confident purchasing products promoted on social media. ,Social media helps me compare prices before buying. ,User-generated content (customer photos/videos) influences my purchase decisions. ,User-generated content (customer photos/videos) influences my purchase decisions. ,"Overall, social media has a significant impact on my buying behaviour. ",Email address,Column 33
29/06/2026 20:51:17,yes,Below 18,Male,Postgraduate,Self-employed,"Above ₹80,000",Others,2–4 hours,Yes,Health & Fitness,2,5,5,4,4,3,1,1,3,3,5,4,4,2,3,3,4,1,4,1,5,3,,
29/06/2026 20:51:56,yes,Below 18,Male,Doctorate,Self-employed,"Above ₹80,000",YouTube,1–2 hours,No,Food & Beverages,3,1,2,1,3,2,3,3,1,2,4,4,2,1,1,2,2,5,3,2,2,2,,
29/06/2026 20:51:58,yes,Below 18,Male,Doctorate,Private Employee,"₹20,001–₹40,000",X (Twitter),More than 6 hours,No,Home & Lifestyle,1,1,4,3,2,2,4,5,1,5,2,3,1,1,3,3,2,3,4,5,2,4,,
29/06/2026 21:19:19,yes,18–24,Male,Postgraduate,Student,"Below ₹20,000",Instagram,Less than 1 hour,Yes,Home & Lifestyle,3,2,2,3,2,4,2,5,1,2,5,4,4,5,2,1,5,4,5,4,4,2,,
29/06/2026 22:27:04,no,18–24,Female,Diploma,Government Employee,"₹40,001–₹60,000",YouTube,More than 6 hours,Yes,Health & Fitness,5,2,3,3,3,3,1,5,3,3,4,2,2,5,3,1,5,2,4,2,5,5,,
29/06/2026 22:27:05,yes,55 and above,Prefer not to say,Postgraduate,Self-employed,"₹40,001–₹60,000",Facebook,More than 6 hours,Yes,Health & Fitness,5,1,5,4,3,2,1,4,2,1,4,3,1,3,2,4,4,2,1,3,2,2,,
29/06/2026 22:27:06,yes,35–44,Male,Diploma,Government Employee,"₹60,001–₹80,000",Others,1–2 hours,No,Home & Lifestyle,1,4,2,1,5,3,5,1,4,5,2,1,3,3,5,4,4,2,1,5,4,2,,
29/06/2026 22:27:14,no,Below 18,Prefer not to say,Postgraduate,Government Employee,"₹20,001–₹40,000",Instagram,4–6 hours,Yes,Electronics,5,5,2,4,3,5,4,4,2,3,2,1,2,3,2,4,4,3,3,2,2,5,,
29/06/2026 22:27:16,yes,55 and above,Female,Others,Private Employee,"Below ₹20,000",Facebook,Less than 1 hour,No,Others,2,5,3,4,3,5,4,3,1,5,3,4,2,5,2,4,4,4,5,3,5,3,,
29/06/2026 22:27:21,yes,18–24,Male,High School,Student,"Below ₹20,000",Others,2–4 hours,Yes,Electronics,2,3,3,3,4,3,5,4,1,5,3,3,5,5,2,4,4,2,2,4,5,3,,
29/06/2026 22:29:00,yes,18–24,Female,Postgraduate,Private Employee,"₹20,001–₹40,000",YouTube,2–4 hours,Yes,Electronics,2,4,4,3,3,4,3,3,4,4,3,4,4,4,4,3,5,3,3,4,5,4,,
29/06/2026 22:30:34,no,18–24,Prefer not to say,Postgraduate,Student,"Below ₹20,000",YouTube,Less than 1 hour,Yes,Electronics,4,3,3,2,2,3,3,3,3,3,4,2,3,3,3,3,3,3,3,3,3,3,,
29/06/2026 22:30:59,no,55 and above,Male,Doctorate,Student,"₹20,001–₹40,000",Snapchat,1–2 hours,No,Beauty & Personal Care,1,4,5,4,3,4,5,5,2,1,5,3,3,1,2,3,5,2,5,1,2,5,,
29/06/2026 22:31:00,yes,25–34,Prefer not to say,Undergraduate,Private Employee,"Below ₹20,000",WhatsApp,4–6 hours,Yes,Electronics,4,3,5,3,5,4,4,4,2,5,5,5,2,3,3,4,2,4,5,2,1,3,,
29/06/2026 22:31:46,yes,Below 18,Female,Others,Student,"₹60,001–₹80,000",X (Twitter),Less than 1 hour,Yes,Others,1,4,5,2,4,5,3,1,1,3,5,3,5,4,3,4,2,4,3,3,3,3,,
29/06/2026 22:31:47,yes,45–54,Prefer not to say,Others,Private Employee,"Below ₹20,000",Instagram,Less than 1 hour,No,Others,3,3,5,4,3,1,2,2,3,3,5,2,5,1,2,1,4,3,1,3,1,2,,
29/06/2026 22:31:48,no,18–24,Female,Doctorate,Government Employee,"₹40,001–₹60,000",YouTube,2–4 hours,No,Others,3,3,2,3,1,4,1,5,5,4,4,5,1,5,1,4,1,2,4,4,2,2,,
29/06/2026 22:31:49,no,18–24,Male,Others,Government Employee,"₹60,001–₹80,000",YouTube,1–2 hours,Yes,Home & Lifestyle,2,3,2,4,4,2,2,5,5,1,5,2,4,2,3,1,2,3,3,2,5,4,,
29/06/2026 22:31:50,yes,25–34,Prefer not to say,Undergraduate,Others,"₹60,001–₹80,000",WhatsApp,More than 6 hours,Yes,Fashion & Clothing,5,4,2,4,3,5,3,4,5,2,1,1,5,5,5,5,1,5,3,3,1,2,,
29/06/2026 22:31:51,no,25–34,Male,Undergraduate,Private Employee,"₹40,001–₹60,000",Instagram,2–4 hours,Yes,Health & Fitness,4,5,4,3,3,4,3,2,1,1,2,2,2,3,4,4,5,3,5,1,2,2,,
29/06/2026 22:31:52,yes,25–34,Female,High School,Self-employed,"Above ₹80,000",Facebook,2–4 hours,Yes,Fashion & Clothing,4,3,4,2,5,1,3,1,2,2,4,3,1,2,5,2,5,5,1,1,2,4,,
29/06/2026 22:31:53,no,Below 18,Female,Postgraduate,Student,"₹20,001–₹40,000",WhatsApp,More than 6 hours,Yes,Fashion & Clothing,3,5,1,3,2,1,1,3,4,1,4,4,3,3,2,3,3,3,4,2,5,2,,
29/06/2026 22:31:54,yes,18–24,Female,High School,Student,"₹20,001–₹40,000",LinkedIn,Less than 1 hour,Yes,Others,5,3,1,2,2,3,5,5,3,3,5,5,2,5,2,3,3,2,2,4,3,2,,
29/06/2026 22:31:56,no,55 and above,Female,Others,Self-employed,"₹40,001–₹60,000",Facebook,1–2 hours,No,Food & Beverages,1,1,4,5,4,3,2,5,5,4,4,3,5,3,5,5,1,4,4,4,3,3,,
29/06/2026 22:31:57,yes,55 and above,Prefer not to say,Postgraduate,Private Employee,"₹40,001–₹60,000",WhatsApp,Less than 1 hour,Yes,Health & Fitness,5,4,1,1,5,5,5,4,1,4,3,5,2,3,2,4,1,3,2,3,5,3,,
29/06/2026 22:31:58,yes,35–44,Female,Postgraduate,Self-employed,"Above ₹80,000",YouTube,Less than 1 hour,No,Food & Beverages,4,5,2,2,3,2,3,3,3,2,1,4,3,2,3,5,5,2,5,1,1,5,,
29/06/2026 22:31:59,yes,25–34,Male,Postgraduate,Student,"₹40,001–₹60,000",YouTube,1–2 hours,No,Others,3,2,4,1,3,2,2,1,5,1,4,1,3,3,2,3,1,1,5,1,5,2,,
29/06/2026 22:32:06,no,45–54,Prefer not to say,Others,Government Employee,"₹40,001–₹60,000",Others,1–2 hours,No,Fashion & Clothing,3,4,2,4,1,4,4,1,2,3,3,1,5,1,3,4,4,4,4,3,3,1,,
29/06/2026 22:32:07,no,25–34,Prefer not to say,Postgraduate,Government Employee,"Below ₹20,000",Snapchat,More than 6 hours,No,Health & Fitness,4,2,4,1,4,4,3,5,4,2,3,5,1,5,2,4,3,3,1,4,3,1,,
29/06/2026 22:32:10,no,Below 18,Prefer not to say,Diploma,Student,"Above ₹80,000",Facebook,Less than 1 hour,No,Health & Fitness,1,4,5,5,1,2,1,3,4,3,1,1,2,2,3,2,3,2,3,2,3,4,,
29/06/2026 22:32:10,yes,18–24,Prefer not to say,High School,Homemaker,"Below ₹20,000",WhatsApp,More than 6 hours,No,Health & Fitness,3,2,5,5,1,1,2,4,3,3,3,1,4,3,2,4,5,1,2,5,2,2,,
29/06/2026 22:32:11,yes,45–54,Prefer not to say,Doctorate,Business Owner,"Below ₹20,000",Facebook,4–6 hours,Yes,Food & Beverages,4,4,5,5,3,2,2,5,1,5,4,1,5,4,1,3,4,5,5,5,1,4,,
29/06/2026 22:32:11,yes,45–54,Male,High School,Business Owner,"₹20,001–₹40,000",Snapchat,Less than 1 hour,Yes,Health & Fitness,2,1,1,1,1,2,5,2,2,5,5,3,1,3,2,5,1,4,1,2,4,4,,
29/06/2026 22:32:13,yes,45–54,Male,Doctorate,Homemaker,"Below ₹20,000",WhatsApp,2–4 hours,No,Electronics,4,3,5,1,3,1,1,1,2,3,1,4,5,3,5,4,5,4,1,3,2,3,,
29/06/2026 22:32:43,yes,18–24,Male,Postgraduate,Student,"Below ₹20,000",YouTube,More than 6 hours,No,Food & Beverages,2,2,2,1,2,3,2,3,3,3,4,3,2,2,4,2,2,2,4,4,4,3,,
29/06/2026 22:33:14,yes,18–24,Male,High School,Student,"Above ₹80,000",Instagram,Less than 1 hour,Yes,Others,5,4,4,5,4,5,4,5,5,4,5,2,2,1,4,4,4,3,5,5,4,4,,
29/06/2026 22:33:57,no,25–34,Male,Undergraduate,Business Owner,"₹60,001–₹80,000",LinkedIn,2–4 hours,No,Others,5,4,2,4,5,5,4,5,1,2,5,1,1,2,5,5,4,3,4,4,2,5,,
29/06/2026 22:33:57,yes,18–24,Prefer not to say,Undergraduate,Student,"₹20,001–₹40,000",LinkedIn,4–6 hours,No,Fashion & Clothing,5,5,1,5,5,2,4,5,5,3,5,1,5,4,5,1,4,3,3,1,5,5,,
29/06/2026 22:33:58,yes,Below 18,Prefer not to say,Postgraduate,Others,"₹20,001–₹40,000",Others,4–6 hours,Yes,Electronics,3,3,3,4,3,1,2,4,3,4,3,2,1,2,2,3,2,2,5,4,3,5,,
29/06/2026 22:41:44,yes,18–24,Male,Postgraduate,Student,"Below ₹20,000",Instagram,2–4 hours,Yes,Electronics,5,4,5,5,5,5,5,5,5,5,5,4,4,5,5,5,5,4,3,4,4,5,,
30/06/2026 10:22:02,yes,18–24,Male,Postgraduate,Student,"₹40,001–₹60,000",Instagram,1–2 hours,No,Others,4,3,3,2,3,2,2,1,2,3,3,2,3,4,3,1,2,3,5,4,3,4,,
30/06/2026 12:10:14,yes,18–24,Male,Postgraduate,Self-employed,"Below ₹20,000",YouTube,2–4 hours,Yes,Electronics,3,1,4,5,4,1,2,5,3,4,1,3,2,4,5,1,2,1,5,3,3,4,,
30/06/2026 12:10:15,no,35–44,Female,High School,Business Owner,"Above ₹80,000",X (Twitter),More than 6 hours,No,Health & Fitness,4,5,5,4,1,4,2,2,1,4,5,1,5,3,5,5,3,4,2,4,4,3,,
30/06/2026 12:10:16,yes,45–54,Prefer not to say,Doctorate,Private Employee,"Above ₹80,000",Snapchat,Less than 1 hour,Yes,Health & Fitness,4,2,5,5,5,1,5,2,3,5,3,2,2,2,1,4,1,3,2,2,4,3,,
30/06/2026 12:10:17,no,18–24,Female,Postgraduate,Self-employed,"Below ₹20,000",Others,2–4 hours,Yes,Home & Lifestyle,1,2,1,3,1,4,5,3,2,1,2,1,1,3,2,1,2,1,5,5,4,5,,
30/06/2026 12:10:19,no,25–34,Prefer not to say,High School,Homemaker,"Below ₹20,000",LinkedIn,4–6 hours,No,Health & Fitness,4,4,2,2,3,4,1,4,5,5,3,1,2,5,4,1,2,4,2,3,4,3,,
30/06/2026 12:10:20,no,Below 18,Male,Doctorate,Homemaker,"₹60,001–₹80,000",WhatsApp,1–2 hours,No,Fashion & Clothing,1,3,1,4,3,5,5,2,1,5,4,2,5,5,4,5,1,1,4,5,4,4,,
30/06/2026 12:10:21,yes,18–24,Prefer not to say,Undergraduate,Others,"₹60,001–₹80,000",Facebook,4–6 hours,Yes,Fashion & Clothing,2,1,2,3,2,5,3,1,3,4,4,4,3,1,3,4,5,5,4,4,1,5,,
30/06/2026 12:10:21,no,25–34,Prefer not to say,Postgraduate,Homemaker,"₹60,001–₹80,000",WhatsApp,1–2 hours,Yes,Fashion & Clothing,5,2,4,3,5,2,5,4,2,2,5,1,3,3,5,4,5,5,3,2,5,5,,
30/06/2026 12:10:23,no,25–34,Male,Doctorate,Private Employee,"₹60,001–₹80,000",Instagram,More than 6 hours,No,Food & Beverages,5,3,3,3,1,5,5,5,2,4,2,1,3,5,5,2,4,2,3,1,5,4,,
30/06/2026 12:10:24,yes,Below 18,Prefer not to say,Diploma,Private Employee,"₹20,001–₹40,000",LinkedIn,More than 6 hours,Yes,Beauty & Personal Care,1,2,4,2,2,4,1,5,5,5,4,4,5,1,4,4,3,3,5,1,3,3,,
30/06/2026 12:10:25,yes,18–24,Prefer not to say,Diploma,Private Employee,"₹20,001–₹40,000",Facebook,2–4 hours,Yes,Health & Fitness,3,5,4,5,1,3,5,5,5,1,1,1,1,5,4,3,5,3,2,1,5,1,,
30/06/2026 12:10:26,yes,35–44,Prefer not to say,Doctorate,Others,"Below ₹20,000",WhatsApp,Less than 1 hour,No,Electronics,2,5,4,4,5,4,4,2,2,2,5,4,3,1,4,5,4,2,4,4,3,2,,
30/06/2026 12:10:27,yes,Below 18,Prefer not to say,Doctorate,Homemaker,"₹20,001–₹40,000",X (Twitter),Less than 1 hour,No,Electronics,4,4,1,1,2,1,5,3,4,5,1,4,1,5,2,4,3,3,2,4,4,4,,
30/06/2026 12:10:28,no,18–24,Female,Postgraduate,Business Owner,"₹60,001–₹80,000",YouTube,1–2 hours,No,Home & Lifestyle,5,2,1,1,4,1,1,3,4,4,5,5,5,5,4,4,1,5,1,5,1,4,,
30/06/2026 12:10:30,yes,25–34,Prefer not to say,Others,Others,"₹40,001–₹60,000",Facebook,Less than 1 hour,No,Beauty & Personal Care,1,3,5,5,4,4,4,1,5,4,4,3,2,1,1,1,2,4,4,5,5,4,,
30/06/2026 12:10:31,no,35–44,Female,Undergraduate,Private Employee,"₹40,001–₹60,000",Instagram,2–4 hours,No,Fashion & Clothing,1,3,4,3,3,1,3,5,4,2,1,5,1,5,2,3,1,3,2,5,5,3,,
30/06/2026 12:10:32,yes,25–34,Male,Diploma,Self-employed,"₹60,001–₹80,000",X (Twitter),More than 6 hours,Yes,Others,3,5,1,1,1,1,1,2,4,1,5,5,5,1,5,2,2,1,2,1,3,5,,
30/06/2026 12:10:33,no,55 and above,Female,Undergraduate,Business Owner,"Above ₹80,000",WhatsApp,1–2 hours,No,Fashion & Clothing,5,4,3,4,1,2,3,2,4,2,5,2,2,4,5,1,4,1,5,1,3,2,,
30/06/2026 12:10:34,no,55 and above,Prefer not to say,High School,Others,"₹20,001–₹40,000",X (Twitter),4–6 hours,No,Others,3,5,4,4,4,5,4,3,3,3,1,4,3,4,4,1,5,3,1,1,4,3,,
30/06/2026 12:10:35,yes,25–34,Male,Undergraduate,Private Employee,"Below ₹20,000",Snapchat,More than 6 hours,No,Health & Fitness,4,1,1,5,4,3,3,5,3,2,2,5,4,5,1,1,1,1,5,4,5,1,,
30/06/2026 16:24:13,no,25–34,Female,Diploma,Others,"₹20,001–₹40,000",Others,More than 6 hours,No,Electronics,4,1,1,1,2,1,5,2,2,2,1,1,3,5,3,5,4,2,3,5,4,2,,
30/06/2026 16:26:03,no,18–24,Female,Others,Self-employed,"Above ₹80,000",Snapchat,More than 6 hours,No,Home & Lifestyle,1,1,4,5,3,5,3,2,2,1,2,3,3,2,3,3,3,3,4,1,5,3,,
30/06/2026 16:26:04,no,55 and above,Prefer not to say,Others,Homemaker,"₹40,001–₹60,000",Snapchat,Less than 1 hour,No,Home & Lifestyle,4,1,5,3,1,3,4,4,3,4,2,3,4,3,4,1,2,3,1,2,5,4,,
30/06/2026 16:26:05,yes,35–44,Male,Others,Student,"Above ₹80,000",Facebook,1–2 hours,Yes,Health & Fitness,1,5,5,5,2,2,2,5,4,4,4,5,3,2,3,2,2,3,3,4,4,5,,
30/06/2026 16:26:06,no,35–44,Female,Diploma,Self-employed,"Below ₹20,000",Facebook,4–6 hours,Yes,Others,4,5,1,2,2,1,2,5,3,1,4,4,4,5,2,4,3,1,5,1,4,3,,
30/06/2026 16:26:07,no,25–34,Female,Undergraduate,Private Employee,"₹20,001–₹40,000",Facebook,1–2 hours,Yes,Beauty & Personal Care,2,1,1,1,5,5,5,3,3,1,5,3,4,1,5,3,2,4,1,2,4,1,,
30/06/2026 17:54:37,no,35–44,Male,Doctorate,Government Employee,"₹20,001–₹40,000",Facebook,1–2 hours,Yes,Health & Fitness,2,3,5,1,2,4,3,5,5,3,2,2,3,4,2,4,2,3,2,2,3,3,,
30/06/2026 17:54:38,yes,25–34,Male,High School,Self-employed,"₹60,001–₹80,000",X (Twitter),More than 6 hours,No,Fashion & Clothing,5,5,4,3,2,2,4,4,4,2,3,2,1,4,1,4,5,1,3,1,2,4,,
30/06/2026 20:23:17,yes,18–24,Male,Undergraduate,Student,"₹20,001–₹40,000",Instagram,2–4 hours,Yes,Fashion & Clothing,4,4,4,4,4,4,4,4,4,4,4,4,4,4,4,4,4,4,4,4,4,4,,
30/06/2026 20:26:07,yes,45–54,Male,Undergraduate,Private Employee,"₹40,001–₹60,000",YouTube,1–2 hours,Yes,Fashion & Clothing,5,3,3,5,4,2,3,4,2,3,4,5,4,5,1,1,4,2,1,5,2,4,,
30/06/2026 20:26:47,yes,45–54,Male,Undergraduate,Private Employee,"₹40,001–₹60,000",YouTube,1–2 hours,Yes,Fashion & Clothing,5,3,3,5,4,2,3,4,2,3,4,5,4,5,1,1,4,2,1,5,2,4,,
30/06/2026 20:26:48,yes,18–24,Prefer not to say,Undergraduate,Government Employee,"Below ₹20,000",YouTube,2–4 hours,Yes,Food & Beverages,5,5,2,4,4,1,1,4,4,5,4,1,2,5,4,3,5,5,5,5,2,5,,
30/06/2026 20:26:49,yes,55 and above,Female,Undergraduate,Student,"₹20,001–₹40,000",WhatsApp,1–2 hours,No,Beauty & Personal Care,3,4,4,3,4,3,4,5,4,4,3,4,4,2,5,3,4,4,2,4,4,1,,
30/06/2026 20:26:50,yes,18–24,Male,Undergraduate,Student,"₹40,001–₹60,000",YouTube,2–4 hours,Yes,Food & Beverages,4,3,4,4,4,3,4,3,5,5,2,4,4,4,4,4,2,5,3,4,2,3,,
30/06/2026 20:26:51,yes,Below 18,Female,Undergraduate,Private Employee,"₹20,001–₹40,000",Instagram,1–2 hours,Yes,Others,3,4,4,5,3,5,4,4,5,4,3,5,4,4,3,3,4,5,4,4,5,3,,
30/06/2026 20:26:52,yes,18–24,Prefer not to say,Undergraduate,Private Employee,"₹20,001–₹40,000",Instagram,1–2 hours,Yes,Fashion & Clothing,5,3,3,4,4,4,5,4,5,4,4,4,5,3,5,4,4,4,4,5,3,5,,
30/06/2026 20:26:53,yes,35–44,Male,Postgraduate,Self-employed,"₹20,001–₹40,000",Snapchat,1–2 hours,Yes,Home & Lifestyle,4,5,2,5,3,4,3,4,3,5,4,3,5,5,4,4,5,4,4,5,4,4,,
30/06/2026 20:26:54,yes,Below 18,Female,Postgraduate,Student,"₹20,001–₹40,000",YouTube,Less than 1 hour,Yes,Food & Beverages,4,5,3,2,4,1,4,5,5,4,3,5,1,3,5,5,4,5,4,5,5,4,,
30/06/2026 20:26:55,yes,25–34,Male,Undergraduate,Student,"Below ₹20,000",Instagram,More than 6 hours,Yes,Fashion & Clothing,3,3,2,5,5,3,2,5,5,5,4,3,5,4,3,5,2,4,5,4,4,4,,
30/06/2026 20:26:56,yes,18–24,Male,Undergraduate,Homemaker,"Above ₹80,000",Facebook,More than 6 hours,Yes,Fashion & Clothing,4,5,1,4,3,5,5,4,5,1,5,5,5,4,3,5,5,3,4,3,4,3,,
30/06/2026 20:26:57,yes,25–34,Male,Undergraduate,Others,"Above ₹80,000",Instagram,1–2 hours,Yes,Fashion & Clothing,5,5,4,4,1,4,3,2,4,5,3,3,4,1,5,1,2,2,3,4,5,4,,
30/06/2026 20:26:57,yes,25–34,Female,Postgraduate,Private Employee,"Below ₹20,000",Snapchat,Less than 1 hour,Yes,Electronics,5,5,5,5,4,1,5,5,4,5,2,5,4,3,4,5,5,4,3,5,5,4,,
30/06/2026 20:26:58,yes,18–24,Prefer not to say,Diploma,Student,"₹40,001–₹60,000",WhatsApp,Less than 1 hour,Yes,Food & Beverages,3,2,4,4,5,5,4,2,4,5,1,4,3,1,5,2,2,4,1,3,4,5,,
30/06/2026 20:26:59,no,18–24,Male,Undergraduate,Student,"Below ₹20,000",Instagram,2–4 hours,Yes,Others,3,2,3,4,3,5,5,2,2,5,4,4,5,4,4,3,3,5,4,2,5,2,,
30/06/2026 20:27:00,yes,25–34,Male,Undergraduate,Private Employee,"Below ₹20,000",Instagram,2–4 hours,Yes,Beauty & Personal Care,2,5,5,4,5,4,5,5,1,3,5,3,5,5,2,4,1,5,5,2,5,4,,
30/06/2026 20:27:01,yes,18–24,Male,Postgraduate,Government Employee,"₹60,001–₹80,000",YouTube,2–4 hours,No,Beauty & Personal Care,3,3,1,1,3,3,3,4,4,2,3,3,4,5,5,3,5,5,3,4,5,3,,
30/06/2026 20:27:02,yes,18–24,Male,Undergraduate,Student,"Below ₹20,000",Instagram,2–4 hours,Yes,Food & Beverages,4,4,5,4,1,5,4,3,5,4,3,4,4,4,1,3,5,3,4,5,3,5,,
30/06/2026 20:27:03,yes,35–44,Male,Undergraduate,Government Employee,"Below ₹20,000",WhatsApp,More than 6 hours,No,Beauty & Personal Care,3,5,3,4,4,4,4,4,4,3,5,5,4,5,4,4,4,1,3,5,4,5,,
30/06/2026 20:27:04,yes,18–24,Female,Undergraduate,Student,"₹20,001–₹40,000",WhatsApp,2–4 hours,Yes,Fashion & Clothing,5,5,5,4,4,4,2,5,3,4,4,2,3,5,4,4,2,4,4,3,5,5,,
30/06/2026 20:27:05,yes,35–44,Male,Postgraduate,Private Employee,"₹20,001–₹40,000",Facebook,2–4 hours,Yes,Electronics,3,5,4,5,5,5,4,3,5,5,5,5,5,1,4,5,5,4,3,1,4,4,,
30/06/2026 20:27:06,yes,35–44,Female,Undergraduate,Student,"₹20,001–₹40,000",Facebook,2–4 hours,Yes,Electronics,4,4,4,5,3,3,4,5,4,5,4,3,3,4,4,4,4,1,3,3,5,3,,
30/06/2026 20:27:07,yes,25–34,Male,Diploma,Private Employee,"Below ₹20,000",Instagram,1–2 hours,Yes,Fashion & Clothing,3,2,4,5,1,3,3,5,5,5,4,2,4,4,5,5,4,5,3,4,4,5,,
30/06/2026 20:27:08,yes,18–24,Female,High School,Student,"Above ₹80,000",Instagram,2–4 hours,No,Beauty & Personal Care,5,2,4,1,3,4,4,3,1,5,3,2,3,5,4,5,5,3,3,2,4,4,,
30/06/2026 20:27:09,yes,Below 18,Prefer not to say,Postgraduate,Private Employee,"₹20,001–₹40,000",Snapchat,2–4 hours,Yes,Fashion & Clothing,5,1,4,3,2,5,4,5,4,5,5,5,3,4,5,3,4,5,5,4,5,3,,
30/06/2026 20:27:10,yes,18–24,Female,Undergraduate,Student,"Below ₹20,000",Snapchat,4–6 hours,Yes,Fashion & Clothing,2,4,4,5,3,4,4,4,3,5,4,4,2,2,2,5,2,5,4,5,5,4,,
30/06/2026 20:27:11,yes,25–34,Male,Undergraduate,Student,"Above ₹80,000",Instagram,4–6 hours,Yes,Fashion & Clothing,5,5,5,1,5,4,3,4,4,4,4,5,4,5,5,4,4,3,3,3,5,2,,
30/06/2026 20:27:11,yes,25–34,Female,Postgraduate,Student,"₹60,001–₹80,000",Facebook,1–2 hours,Yes,Beauty & Personal Care,4,1,4,5,3,5,2,1,5,4,2,3,5,3,1,3,4,2,4,5,4,1,,
30/06/2026 20:27:12,yes,25–34,Female,Diploma,Student,"₹20,001–₹40,000",YouTube,Less than 1 hour,Yes,Fashion & Clothing,4,4,4,4,5,5,4,5,4,5,4,4,4,4,5,5,4,5,2,2,2,4,,
30/06/2026 20:27:13,yes,25–34,Male,Postgraduate,Student,"₹20,001–₹40,000",WhatsApp,1–2 hours,Yes,Fashion & Clothing,4,4,3,3,4,3,3,4,4,4,5,5,3,4,5,4,5,4,5,1,5,3,,
30/06/2026 20:27:14,yes,35–44,Female,Diploma,Student,"Below ₹20,000",Instagram,2–4 hours,Yes,Fashion & Clothing,2,5,3,1,3,3,5,5,4,4,4,4,5,4,5,4,2,3,3,4,5,4,,
30/06/2026 20:27:15,yes,18–24,Female,Postgraduate,Student,"₹60,001–₹80,000",Instagram,Less than 1 hour,Yes,Beauty & Personal Care,5,4,3,4,3,5,3,3,5,4,5,5,3,5,1,3,3,3,5,4,5,2,,
30/06/2026 20:27:16,yes,35–44,Prefer not to say,Undergraduate,Student,"Below ₹20,000",YouTube,2–4 hours,Yes,Beauty & Personal Care,5,4,5,5,5,3,4,3,1,4,5,4,5,3,5,4,5,4,2,4,4,4,,
30/06/2026 20:27:17,yes,18–24,Female,Diploma,Student,"Below ₹20,000",Instagram,2–4 hours,Yes,Home & Lifestyle,4,5,1,3,5,4,4,3,4,5,5,3,3,5,3,4,4,4,5,5,2,4,,
30/06/2026 20:27:18,yes,35–44,Male,Postgraduate,Private Employee,"Below ₹20,000",Instagram,1–2 hours,Yes,Electronics,1,4,5,4,4,4,4,4,4,5,3,2,3,3,3,4,3,4,1,4,5,2,,
30/06/2026 20:27:19,yes,18–24,Female,Undergraduate,Student,"Below ₹20,000",Instagram,2–4 hours,Yes,Fashion & Clothing,4,5,5,5,3,4,2,3,5,5,4,3,4,3,5,4,5,3,3,5,4,5,,
30/06/2026 20:27:20,yes,55 and above,Male,Postgraduate,Student,"Below ₹20,000",Instagram,1–2 hours,Yes,Fashion & Clothing,4,3,4,4,3,3,4,5,5,1,5,5,5,4,4,5,5,5,5,4,5,4,,
30/06/2026 20:27:21,yes,18–24,Male,Doctorate,Student,"₹20,001–₹40,000",Instagram,Less than 1 hour,Yes,Electronics,4,5,2,1,4,4,2,2,3,5,5,5,4,3,5,5,5,3,5,5,5,5,,
30/06/2026 20:27:22,yes,18–24,Female,Postgraduate,Government Employee,"₹40,001–₹60,000",Instagram,Less than 1 hour,Yes,Fashion & Clothing,5,4,4,4,1,4,2,5,3,3,4,4,3,4,4,5,5,5,5,3,4,5,,
30/06/2026 20:27:23,yes,Below 18,Male,Undergraduate,Private Employee,"Below ₹20,000",Instagram,More than 6 hours,No,Fashion & Clothing,5,4,5,4,5,5,4,3,5,2,4,5,4,4,4,5,1,3,5,2,4,2,,
30/06/2026 20:27:24,yes,18–24,Male,Others,Homemaker,"₹40,001–₹60,000",YouTube,2–4 hours,No,Beauty & Personal Care,4,5,3,1,3,3,1,5,5,3,2,3,3,4,4,4,5,3,4,4,1,5,,
30/06/2026 20:27:25,yes,18–24,Female,Undergraduate,Student,"₹40,001–₹60,000",Instagram,1–2 hours,Yes,Electronics,3,1,3,1,4,5,2,4,3,3,3,3,4,4,5,2,2,4,3,2,4,2,,
30/06/2026 20:27:26,no,18–24,Female,Diploma,Private Employee,"Below ₹20,000",YouTube,2–4 hours,Yes,Fashion & Clothing,4,5,2,3,4,4,3,5,1,3,5,4,4,5,4,5,5,5,5,2,5,1,,
30/06/2026 20:27:27,yes,18–24,Male,Undergraduate,Self-employed,"₹60,001–₹80,000",Instagram,1–2 hours,Yes,Beauty & Personal Care,4,5,3,3,4,3,5,4,4,5,5,5,2,5,3,5,3,4,5,3,5,4,,
30/06/2026 20:27:27,yes,18–24,Female,Diploma,Student,"₹40,001–₹60,000",Facebook,4–6 hours,Yes,Beauty & Personal Care,4,5,5,4,4,4,3,3,5,4,5,4,3,3,4,5,4,4,5,2,5,5,,
30/06/2026 20:27:28,yes,25–34,Male,Undergraduate,Private Employee,"₹20,001–₹40,000",YouTube,1–2 hours,Yes,Electronics,5,4,3,1,4,3,2,1,3,4,3,5,1,5,2,5,3,3,3,4,5,2,,
30/06/2026 20:27:29,yes,25–34,Female,Undergraduate,Student,"Below ₹20,000",X (Twitter),More than 6 hours,Yes,Food & Beverages,4,3,5,4,3,4,4,2,2,4,5,4,4,4,4,4,5,5,1,3,3,4,,
30/06/2026 20:27:30,yes,18–24,Prefer not to say,Undergraduate,Student,"Below ₹20,000",Instagram,Less than 1 hour,Yes,Fashion & Clothing,5,4,2,4,5,3,1,5,4,4,3,4,3,4,4,3,5,5,3,3,4,3,,
30/06/2026 20:27:31,yes,25–34,Male,Undergraduate,Homemaker,"Below ₹20,000",Instagram,4–6 hours,Yes,Home & Lifestyle,5,2,3,4,3,4,2,5,2,4,4,5,5,4,3,2,2,4,4,4,2,1,,
30/06/2026 20:27:32,yes,18–24,Female,Postgraduate,Student,"Below ₹20,000",Instagram,1–2 hours,Yes,Beauty & Personal Care,4,4,4,1,5,5,5,4,1,4,3,4,3,4,5,5,2,4,1,5,3,4,,
30/06/2026 20:27:33,yes,55 and above,Male,Postgraduate,Private Employee,"₹60,001–₹80,000",Snapchat,2–4 hours,Yes,Beauty & Personal Care,4,5,3,5,5,4,5,4,5,5,4,4,4,5,4,4,5,3,5,3,4,1,,
30/06/2026 20:27:34,yes,18–24,Female,Undergraduate,Government Employee,"Below ₹20,000",Others,2–4 hours,Yes,Food & Beverages,4,5,4,3,4,4,4,4,4,5,5,3,4,2,5,4,4,4,4,5,4,3,,
30/06/2026 20:27:35,yes,35–44,Male,High School,Student,"₹40,001–₹60,000",Snapchat,4–6 hours,Yes,Fashion & Clothing,4,5,5,4,3,5,1,5,4,3,5,3,5,5,4,4,5,1,1,3,4,3,,
30/06/2026 20:27:36,yes,18–24,Female,Undergraduate,Private Employee,"Below ₹20,000",Instagram,4–6 hours,Yes,Electronics,5,4,4,2,4,5,4,5,5,5,4,3,2,3,5,5,5,3,4,5,4,5,,
30/06/2026 20:27:37,yes,45–54,Female,Postgraduate,Private Employee,"Below ₹20,000",Facebook,2–4 hours,Yes,Electronics,4,5,5,4,5,2,4,5,4,5,3,2,5,5,3,5,2,4,5,5,5,4,,
30/06/2026 20:27:38,yes,18–24,Male,Undergraduate,Private Employee,"Below ₹20,000",Facebook,Less than 1 hour,No,Health & Fitness,3,4,1,4,2,5,5,4,5,5,2,4,5,4,5,4,5,4,5,5,1,2,,
30/06/2026 20:27:39,yes,35–44,Male,Undergraduate,Self-employed,"Below ₹20,000",Instagram,1–2 hours,Yes,Beauty & Personal Care,4,4,4,5,5,4,3,4,4,5,3,5,5,4,5,5,4,3,1,2,4,2,,
30/06/2026 20:27:40,yes,45–54,Female,Undergraduate,Student,"Below ₹20,000",Instagram,2–4 hours,Yes,Beauty & Personal Care,4,4,4,4,5,4,5,1,4,3,5,3,5,3,3,4,5,2,2,4,4,3,,
30/06/2026 20:27:40,yes,25–34,Male,Undergraduate,Self-employed,"₹40,001–₹60,000",LinkedIn,2–4 hours,No,Electronics,4,5,4,4,4,4,4,4,4,5,3,5,4,5,5,5,3,4,4,1,1,4,,
30/06/2026 20:27:41,yes,18–24,Male,Postgraduate,Private Employee,"₹20,001–₹40,000",WhatsApp,Less than 1 hour,Yes,Electronics,3,4,5,5,4,3,3,3,5,5,5,5,5,4,5,5,4,3,4,5,1,5,,
30/06/2026 20:27:42,yes,45–54,Male,Postgraduate,Student,"Below ₹20,000",YouTube,2–4 hours,Yes,Electronics,3,3,5,4,3,3,1,4,5,5,4,3,4,3,4,4,4,3,3,5,5,2,,
30/06/2026 20:27:43,yes,45–54,Male,Diploma,Student,"₹60,001–₹80,000",Instagram,1–2 hours,Yes,Fashion & Clothing,4,4,5,1,2,3,3,4,2,5,4,4,3,3,4,5,5,4,4,4,4,4,,
30/06/2026 20:27:44,yes,18–24,Male,Postgraduate,Student,"Above ₹80,000",Instagram,More than 6 hours,Yes,Fashion & Clothing,5,4,5,1,3,4,5,4,5,5,5,4,4,5,2,3,4,5,4,4,5,5,,
30/06/2026 20:27:45,yes,18–24,Female,Undergraduate,Student,"₹20,001–₹40,000",Instagram,2–4 hours,Yes,Fashion & Clothing,5,5,4,1,4,4,4,5,5,2,5,5,4,5,3,5,4,4,4,2,5,2,,
30/06/2026 20:27:46,yes,18–24,Male,Undergraduate,Business Owner,"₹20,001–₹40,000",Instagram,4–6 hours,Yes,Fashion & Clothing,4,4,5,3,5,3,3,3,3,5,5,3,5,3,5,5,3,5,5,4,4,5,,
30/06/2026 20:27:47,yes,25–34,Male,Undergraduate,Student,"Below ₹20,000",Instagram,2–4 hours,Yes,Fashion & Clothing,3,3,4,3,3,2,2,3,4,3,4,5,2,5,2,4,5,4,2,3,3,4,,
30/06/2026 20:27:48,yes,25–34,Male,Postgraduate,Student,"₹20,001–₹40,000",Facebook,2–4 hours,No,Electronics,5,4,5,4,5,4,4,4,3,4,1,5,5,5,4,5,5,3,3,2,4,4,,
30/06/2026 20:27:49,yes,18–24,Female,Undergraduate,Private Employee,"Below ₹20,000",Facebook,Less than 1 hour,Yes,Electronics,3,3,4,4,2,4,4,5,5,1,1,3,3,5,3,4,3,3,1,4,4,4,,
30/06/2026 20:27:50,yes,18–24,Male,Undergraduate,Student,"Below ₹20,000",Snapchat,More than 6 hours,No,Beauty & Personal Care,5,1,3,4,4,4,4,5,5,4,4,5,5,4,4,4,4,5,2,3,4,1,,
30/06/2026 20:27:51,yes,18–24,Male,Diploma,Private Employee,"Above ₹80,000",WhatsApp,More than 6 hours,Yes,Health & Fitness,3,4,4,5,5,4,4,2,2,4,5,3,4,4,5,4,1,1,2,4,4,4,,
30/06/2026 20:27:51,yes,18–24,Male,Postgraduate,Private Employee,"Below ₹20,000",Facebook,4–6 hours,Yes,Food & Beverages,2,3,4,2,5,1,4,2,5,4,4,3,3,5,5,4,4,5,4,1,5,4,,
30/06/2026 20:27:52,yes,Below 18,Female,Others,Private Employee,"₹20,001–₹40,000",Instagram,1–2 hours,Yes,Electronics,5,4,3,4,4,2,5,4,3,4,5,1,3,5,4,5,3,3,5,5,4,5,,
30/06/2026 20:27:53,yes,18–24,Female,Diploma,Student,"₹40,001–₹60,000",YouTube,2–4 hours,Yes,Home & Lifestyle,3,3,3,4,1,4,4,2,3,4,3,5,1,5,5,5,4,4,1,2,4,4,,
30/06/2026 20:27:54,yes,25–34,Male,Undergraduate,Private Employee,"₹20,001–₹40,000",YouTube,More than 6 hours,No,Food & Beverages,1,5,5,4,4,5,4,4,4,5,4,4,5,3,4,5,2,5,4,4,3,4,,
30/06/2026 20:27:55,yes,25–34,Male,Undergraduate,Others,"₹20,001–₹40,000",WhatsApp,Less than 1 hour,Yes,Fashion & Clothing,4,3,5,5,3,4,2,4,4,4,5,5,5,2,4,4,5,5,3,4,5,5,,
30/06/2026 20:27:56,yes,25–34,Male,Undergraduate,Student,"Below ₹20,000",Instagram,1–2 hours,Yes,Fashion & Clothing,4,5,4,4,4,4,1,5,4,2,4,4,3,2,4,5,2,2,4,3,1,3,,
30/06/2026 20:27:57,yes,25–34,Female,Postgraduate,Others,"₹40,001–₹60,000",Facebook,4–6 hours,Yes,Beauty & Personal Care,4,5,2,3,5,3,4,4,5,5,5,5,4,5,3,5,5,5,5,2,4,4,,
30/06/2026 20:27:58,yes,25–34,Male,Doctorate,Private Employee,"Below ₹20,000",Instagram,1–2 hours,Yes,Electronics,5,4,3,1,3,3,5,3,4,3,1,3,2,1,5,5,5,3,4,4,5,3,,
30/06/2026 20:27:59,yes,Below 18,Male,High School,Others,"Below ₹20,000",Instagram,2–4 hours,Yes,Food & Beverages,4,5,5,5,4,2,5,4,4,3,5,5,3,4,3,4,2,1,3,4,4,5,,
30/06/2026 20:28:00,yes,25–34,Prefer not to say,Postgraduate,Student,"₹20,001–₹40,000",WhatsApp,4–6 hours,Yes,Beauty & Personal Care,3,4,5,5,2,5,5,5,4,4,1,5,5,2,5,5,4,4,2,3,4,5,,
30/06/2026 20:28:01,yes,35–44,Female,Postgraduate,Student,"₹20,001–₹40,000",LinkedIn,Less than 1 hour,Yes,Fashion & Clothing,3,2,1,3,5,3,3,4,4,3,4,4,3,2,4,4,4,4,2,5,4,2,,
30/06/2026 20:28:02,no,45–54,Male,Diploma,Student,"Below ₹20,000",WhatsApp,1–2 hours,Yes,Home & Lifestyle,5,5,4,4,4,4,3,4,5,3,4,3,4,2,5,3,5,5,3,4,3,5,,
30/06/2026 20:28:02,yes,25–34,Male,High School,Private Employee,"₹20,001–₹40,000",WhatsApp,1–2 hours,Yes,Fashion & Clothing,4,3,2,5,5,4,2,2,1,5,4,5,4,5,2,4,2,5,5,4,4,5,,
30/06/2026 20:28:03,yes,25–34,Female,Undergraduate,Private Employee,"Below ₹20,000",Instagram,2–4 hours,Yes,Food & Beverages,4,3,5,4,3,3,4,3,5,5,4,4,4,4,3,5,1,5,4,4,4,4,,
30/06/2026 20:28:04,yes,55 and above,Female,Undergraduate,Homemaker,"Below ₹20,000",Instagram,2–4 hours,Yes,Food & Beverages,4,3,5,4,3,1,1,3,4,5,5,5,5,4,3,4,4,4,5,4,5,4,,
30/06/2026 20:28:05,yes,25–34,Male,Postgraduate,Student,"₹20,001–₹40,000",Facebook,2–4 hours,Yes,Electronics,4,5,4,5,4,4,1,5,4,4,4,2,5,1,4,4,4,4,3,2,3,3,,
30/06/2026 20:28:06,yes,55 and above,Male,Undergraduate,Student,"₹40,001–₹60,000",Instagram,1–2 hours,No,Beauty & Personal Care,4,5,2,3,3,5,5,2,2,3,4,4,3,5,5,4,4,5,5,5,4,2,,
30/06/2026 20:28:07,yes,35–44,Male,Postgraduate,Student,"Below ₹20,000",Instagram,2–4 hours,Yes,Fashion & Clothing,5,5,5,4,3,5,4,4,5,4,5,2,4,3,4,5,5,3,4,5,3,4,,
30/06/2026 20:28:08,yes,25–34,Female,High School,Student,"₹40,001–₹60,000",Instagram,1–2 hours,Yes,Others,4,5,2,4,4,5,4,5,5,4,5,4,3,3,3,4,2,4,5,3,5,5,,
30/06/2026 20:28:09,yes,Below 18,Female,Others,Student,"Below ₹20,000",Instagram,More than 6 hours,No,Others,5,4,3,5,5,4,4,4,5,4,5,5,4,4,4,4,3,5,4,5,2,4,,
30/06/2026 20:28:10,yes,55 and above,Female,Postgraduate,Private Employee,"₹20,001–₹40,000",Instagram,4–6 hours,Yes,Electronics,4,4,4,5,5,4,4,5,5,5,5,5,2,5,3,5,4,3,5,5,4,3,,
30/06/2026 20:28:10,yes,18–24,Female,Undergraduate,Private Employee,"Below ₹20,000",Instagram,Less than 1 hour,Yes,Food & Beverages,5,3,5,4,4,2,4,5,3,4,1,4,4,5,4,3,4,2,4,2,2,3,,
30/06/2026 20:28:11,yes,18–24,Female,Diploma,Private Employee,"Below ₹20,000",Instagram,1–2 hours,Yes,Fashion & Clothing,2,2,4,5,3,4,5,5,3,5,5,5,2,3,5,4,5,4,4,3,4,4,,
30/06/2026 20:28:12,yes,Below 18,Female,High School,Student,"₹20,001–₹40,000",YouTube,2–4 hours,Yes,Beauty & Personal Care,5,4,4,3,3,5,5,1,5,4,4,4,3,4,3,5,5,5,2,5,2,5,,
30/06/2026 20:28:13,yes,25–34,Female,High School,Student,"Below ₹20,000",Instagram,2–4 hours,Yes,Electronics,5,2,5,4,2,4,3,4,2,4,4,4,5,4,5,5,5,3,3,5,2,3,,
30/06/2026 20:28:14,yes,18–24,Female,Undergraduate,Student,"Below ₹20,000",Instagram,2–4 hours,No,Electronics,5,5,3,5,4,3,5,1,4,3,5,4,5,5,3,4,3,4,3,1,4,4,,
30/06/2026 20:28:15,yes,18–24,Male,High School,Student,"Below ₹20,000",Instagram,1–2 hours,No,Fashion & Clothing,4,4,1,5,2,3,3,3,5,4,5,5,2,5,1,2,3,4,4,4,3,4,,
30/06/2026 20:28:16,yes,35–44,Female,Diploma,Self-employed,"₹20,001–₹40,000",Others,2–4 hours,No,Electronics,4,5,3,3,5,4,5,5,3,4,5,4,5,4,4,5,4,3,5,3,1,5,,
30/06/2026 20:28:17,yes,18–24,Male,Undergraduate,Government Employee,"₹20,001–₹40,000",Facebook,4–6 hours,Yes,Fashion & Clothing,5,3,3,2,5,4,5,4,3,5,5,4,4,5,5,5,4,5,5,4,1,4,,
30/06/2026 20:28:18,yes,18–24,Female,Undergraduate,Private Employee,"Below ₹20,000",Instagram,Less than 1 hour,No,Beauty & Personal Care,5,1,4,3,4,4,5,5,4,2,5,1,5,5,2,4,1,5,4,5,4,5,,
30/06/2026 20:28:19,yes,25–34,Female,Diploma,Student,"₹20,001–₹40,000",Others,2–4 hours,Yes,Electronics,3,4,4,2,5,5,3,5,5,4,3,1,5,4,3,3,4,5,1,4,5,4,,
30/06/2026 20:28:20,yes,18–24,Female,Postgraduate,Private Employee,"Above ₹80,000",LinkedIn,2–4 hours,Yes,Electronics,2,4,5,3,1,2,4,5,3,3,1,5,4,5,5,5,1,4,3,5,5,5,,
30/06/2026 20:28:21,yes,18–24,Prefer not to say,Others,Government Employee,"₹20,001–₹40,000",WhatsApp,1–2 hours,Yes,Fashion & Clothing,4,4,4,3,5,5,5,4,3,4,5,5,4,2,3,5,4,4,4,4,5,5,,
30/06/2026 20:28:21,yes,Below 18,Female,Undergraduate,Homemaker,"₹40,001–₹60,000",Instagram,Less than 1 hour,Yes,Food & Beverages,5,2,4,4,5,3,5,4,5,4,4,3,5,3,5,4,1,2,4,3,3,5,,
30/06/2026 20:28:22,yes,18–24,Female,Diploma,Private Employee,"Below ₹20,000",Instagram,2–4 hours,Yes,Food & Beverages,5,4,2,4,5,4,4,3,4,4,5,4,5,2,4,4,2,4,5,4,3,2,,
30/06/2026 20:28:23,yes,18–24,Female,Doctorate,Student,"₹20,001–₹40,000",YouTube,2–4 hours,Yes,Beauty & Personal Care,4,4,2,4,2,2,5,4,2,3,5,2,4,4,3,4,3,5,2,4,5,3,,
30/06/2026 20:28:24,yes,45–54,Male,High School,Business Owner,"₹20,001–₹40,000",WhatsApp,2–4 hours,Yes,Home & Lifestyle,4,4,4,3,5,5,2,5,5,3,3,4,2,4,4,1,2,4,4,4,4,4,,
30/06/2026 20:28:25,yes,18–24,Female,Undergraduate,Student,"₹40,001–₹60,000",Instagram,2–4 hours,Yes,Food & Beverages,3,4,3,4,3,4,1,5,4,4,5,1,5,5,3,2,4,5,3,4,3,4,,
30/06/2026 20:28:26,yes,45–54,Female,High School,Student,"₹40,001–₹60,000",Facebook,2–4 hours,Yes,Fashion & Clothing,4,5,1,5,5,3,5,3,5,5,5,3,3,5,3,4,4,3,4,3,4,4,,
30/06/2026 20:28:27,yes,18–24,Male,Postgraduate,Student,"₹20,001–₹40,000",Instagram,2–4 hours,Yes,Fashion & Clothing,1,5,2,3,2,3,5,2,5,5,2,4,2,4,4,4,2,5,5,5,3,3,,
30/06/2026 20:28:28,yes,25–34,Male,Postgraduate,Self-employed,"₹40,001–₹60,000",YouTube,2–4 hours,Yes,Food & Beverages,2,5,2,5,4,4,4,5,1,4,3,5,4,3,4,2,5,4,2,1,1,4,,
30/06/2026 20:28:29,yes,45–54,Female,Postgraduate,Private Employee,"₹20,001–₹40,000",Others,2–4 hours,No,Fashion & Clothing,4,4,4,2,3,5,4,4,5,5,5,5,3,4,5,4,4,4,5,2,1,4,,
30/06/2026 20:28:30,yes,55 and above,Female,Postgraduate,Private Employee,"₹20,001–₹40,000",Instagram,More than 6 hours,Yes,Fashion & Clothing,4,4,5,3,4,5,3,5,5,4,2,4,4,5,4,4,4,2,5,4,3,4,,
30/06/2026 20:28:31,yes,18–24,Male,Undergraduate,Student,"₹20,001–₹40,000",LinkedIn,2–4 hours,No,Food & Beverages,4,1,2,4,3,5,4,5,4,5,5,4,4,3,5,1,5,4,3,3,4,4,,
30/06/2026 20:28:32,yes,18–24,Female,Undergraduate,Private Employee,"₹60,001–₹80,000",Instagram,2–4 hours,Yes,Home & Lifestyle,5,3,1,3,3,4,4,5,4,2,4,4,5,5,4,3,5,4,5,4,4,2,,
30/06/2026 20:28:32,yes,18–24,Male,Others,Self-employed,"Below ₹20,000",Instagram,1–2 hours,No,Fashion & Clothing,4,4,5,5,3,4,5,5,3,4,5,3,5,2,5,5,4,5,3,4,5,5,,
30/06/2026 20:28:33,yes,35–44,Female,Undergraduate,Others,"Above ₹80,000",Facebook,1–2 hours,Yes,Others,5,3,3,4,5,5,3,5,4,5,5,5,5,5,4,3,3,4,1,2,5,5,,
30/06/2026 20:28:34,yes,Below 18,Male,Undergraduate,Others,"Above ₹80,000",Snapchat,1–2 hours,Yes,Food & Beverages,5,5,2,3,5,3,5,4,4,4,5,5,4,4,4,3,3,2,5,5,3,4,,
30/06/2026 20:28:35,yes,25–34,Male,Undergraduate,Private Employee,"₹40,001–₹60,000",YouTube,1–2 hours,No,Others,2,4,5,1,4,3,3,3,5,3,1,1,4,2,3,4,5,5,5,5,5,5,,
30/06/2026 20:28:36,yes,18–24,Male,Undergraduate,Private Employee,"Above ₹80,000",Instagram,More than 6 hours,Yes,Fashion & Clothing,4,3,4,3,5,5,4,5,4,5,3,4,5,4,1,1,4,5,5,5,5,5,,
30/06/2026 20:28:37,yes,18–24,Female,Undergraduate,Student,"₹20,001–₹40,000",LinkedIn,2–4 hours,Yes,Fashion & Clothing,3,5,4,5,3,5,4,4,1,4,3,4,5,5,4,5,3,3,5,4,2,2,,
30/06/2026 20:28:38,yes,35–44,Male,Diploma,Student,"₹40,001–₹60,000",Instagram,2–4 hours,Yes,Electronics,5,5,3,2,5,4,2,5,4,3,3,2,3,4,5,4,2,2,3,4,5,1,,
30/06/2026 20:28:39,yes,18–24,Female,Undergraduate,Homemaker,"₹20,001–₹40,000",Instagram,Less than 1 hour,Yes,Fashion & Clothing,1,4,2,3,3,3,4,3,5,5,5,3,2,4,4,2,5,4,2,4,2,4,,
30/06/2026 20:28:40,no,18–24,Male,Diploma,Private Employee,"₹20,001–₹40,000",WhatsApp,Less than 1 hour,Yes,Home & Lifestyle,5,3,4,5,5,5,2,2,5,5,4,4,3,5,3,5,4,3,4,4,5,3,,
30/06/2026 20:28:41,yes,18–24,Female,Diploma,Private Employee,"Below ₹20,000",WhatsApp,2–4 hours,Yes,Beauty & Personal Care,2,4,5,5,3,4,4,4,4,5,4,4,4,4,5,4,3,5,5,2,5,1,,
30/06/2026 20:28:42,yes,45–54,Female,Undergraduate,Private Employee,"₹20,001–₹40,000",Instagram,1–2 hours,No,Fashion & Clothing,4,3,2,5,2,5,5,5,4,4,2,5,3,3,3,3,4,3,5,5,4,4,,
30/06/2026 20:28:42,yes,18–24,Male,High School,Government Employee,"₹20,001–₹40,000",WhatsApp,2–4 hours,Yes,Electronics,3,4,5,3,3,4,2,4,4,3,5,2,3,5,2,4,4,4,5,5,3,4,,
30/06/2026 20:28:43,no,Below 18,Female,Postgraduate,Private Employee,"Below ₹20,000",Instagram,Less than 1 hour,No,Fashion & Clothing,3,4,3,5,5,4,5,3,5,4,5,4,5,4,5,5,4,3,4,3,4,3,,
30/06/2026 20:28:44,yes,25–34,Male,Postgraduate,Others,"₹40,001–₹60,000",Instagram,4–6 hours,No,Beauty & Personal Care,3,5,2,5,4,4,5,2,3,3,4,4,2,5,4,5,3,5,5,4,3,3,,
30/06/2026 20:28:45,yes,Below 18,Male,Undergraduate,Student,"₹20,001–₹40,000",Instagram,2–4 hours,No,Electronics,4,4,4,4,4,5,3,4,5,5,4,5,5,2,3,5,5,5,1,5,3,3,,
30/06/2026 20:28:46,yes,18–24,Female,Diploma,Student,"₹20,001–₹40,000",Instagram,More than 6 hours,Yes,Home & Lifestyle,4,4,4,5,5,4,4,4,4,4,3,5,1,4,5,4,3,1,4,5,4,2,,
30/06/2026 20:28:47,yes,25–34,Female,Diploma,Government Employee,"Below ₹20,000",YouTube,1–2 hours,No,Home & Lifestyle,5,1,4,4,4,4,5,4,3,5,5,3,5,5,3,5,5,4,5,3,4,4,,
30/06/2026 20:28:48,yes,45–54,Female,Postgraduate,Student,"Below ₹20,000",Instagram,1–2 hours,No,Fashion & Clothing,5,1,4,2,5,4,5,4,4,4,5,5,4,5,5,1,4,4,5,4,5,2,,
30/06/2026 20:28:51,yes,45–54,Female,High School,Self-employed,"₹40,001–₹60,000",YouTube,Less than 1 hour,Yes,Fashion & Clothing,1,5,4,5,5,3,5,5,5,4,5,4,4,1,4,4,5,4,5,3,5,5,,
30/06/2026 20:28:49,yes,18–24,Female,Undergraduate,Government Employee,"₹60,001–₹80,000",Snapchat,4–6 hours,Yes,Beauty & Personal Care,5,4,4,2,4,4,5,5,5,5,4,3,5,4,4,4,4,4,4,5,3,4,,
30/06/2026 20:28:50,yes,18–24,Female,Undergraduate,Homemaker,"Below ₹20,000",Instagram,2–4 hours,Yes,Beauty & Personal Care,2,5,5,2,5,3,4,4,4,4,5,4,3,3,4,4,5,4,4,5,4,4,,
30/06/2026 20:28:52,yes,18–24,Prefer not to say,Undergraduate,Student,"Below ₹20,000",YouTube,Less than 1 hour,No,Food & Beverages,5,4,4,5,1,3,4,3,5,4,4,4,4,5,4,4,4,3,5,4,3,4,,
30/06/2026 20:28:53,yes,18–24,Male,Diploma,Homemaker,"Below ₹20,000",YouTube,2–4 hours,Yes,Home & Lifestyle,4,3,4,4,3,5,4,5,5,5,1,5,4,5,1,4,3,1,2,2,3,4,,
30/06/2026 20:28:53,yes,18–24,Female,Postgraduate,Homemaker,"Below ₹20,000",YouTube,2–4 hours,No,Electronics,2,4,5,5,3,4,4,5,5,4,3,4,3,3,4,4,2,4,5,3,5,4,,
30/06/2026 20:28:54,yes,18–24,Male,Undergraduate,Student,"₹20,001–₹40,000",Instagram,1–2 hours,Yes,Fashion & Clothing,4,4,5,3,4,4,5,2,5,4,4,3,5,3,2,3,2,5,5,5,4,5,,
30/06/2026 20:28:55,yes,18–24,Male,Undergraduate,Student,"Below ₹20,000",Facebook,More than 6 hours,Yes,Fashion & Clothing,2,5,4,4,1,4,5,4,5,3,2,4,2,4,4,5,4,1,5,4,2,5,,
30/06/2026 20:28:56,yes,25–34,Female,Diploma,Student,"₹20,001–₹40,000",Facebook,4–6 hours,Yes,Home & Lifestyle,5,3,4,3,3,5,2,5,5,5,3,3,4,5,4,5,5,4,3,5,4,3,,
30/06/2026 20:28:57,yes,18–24,Male,Undergraduate,Student,"Below ₹20,000",Instagram,2–4 hours,Yes,Health & Fitness,3,4,3,5,4,1,4,5,4,4,5,3,3,3,4,5,4,4,4,5,2,4,,
30/06/2026 20:28:58,yes,18–24,Male,Diploma,Private Employee,"Above ₹80,000",Instagram,More than 6 hours,Yes,Beauty & Personal Care,5,5,2,4,2,4,4,5,1,4,4,4,5,4,5,3,5,3,3,4,3,3,,
30/06/2026 20:28:59,yes,18–24,Female,Diploma,Student,"Below ₹20,000",Facebook,2–4 hours,Yes,Beauty & Personal Care,5,4,5,1,4,3,1,2,4,1,3,4,1,1,5,4,5,4,4,4,5,5,,
30/06/2026 20:29:00,yes,45–54,Male,Others,Government Employee,"Below ₹20,000",YouTube,4–6 hours,Yes,Food & Beverages,5,5,4,4,5,1,5,2,5,4,4,3,3,5,2,5,5,5,4,2,4,4,,
30/06/2026 20:29:01,yes,25–34,Male,Postgraduate,Others,"₹40,001–₹60,000",LinkedIn,1–2 hours,Yes,Fashion & Clothing,3,4,2,1,4,5,5,1,5,2,3,2,2,4,1,4,4,5,4,2,4,5,,
30/06/2026 20:29:01,yes,45–54,Male,Postgraduate,Private Employee,"₹20,001–₹40,000",YouTube,4–6 hours,Yes,Home & Lifestyle,4,1,5,4,4,4,3,2,1,1,4,4,4,5,4,1,5,2,4,3,5,4,,
30/06/2026 20:29:02,yes,25–34,Male,Undergraduate,Business Owner,"₹20,001–₹40,000",Instagram,4–6 hours,Yes,Electronics,5,4,3,3,4,4,4,4,1,4,5,4,3,4,3,5,2,2,4,3,2,3,,
30/06/2026 20:29:03,yes,18–24,Male,Others,Private Employee,"₹20,001–₹40,000",Snapchat,4–6 hours,No,Food & Beverages,4,4,1,2,4,4,2,3,5,3,5,4,2,5,1,4,5,4,3,5,2,1,,
30/06/2026 20:29:04,yes,18–24,Male,Others,Student,"Below ₹20,000",Instagram,2–4 hours,No,Food & Beverages,5,3,2,5,2,5,5,4,3,2,2,4,2,2,3,3,2,3,5,4,4,5,,
30/06/2026 20:29:05,yes,Below 18,Male,Postgraduate,Student,"Below ₹20,000",Instagram,2–4 hours,Yes,Home & Lifestyle,4,2,5,5,4,5,5,3,4,5,2,4,3,5,3,4,4,4,4,5,5,5,,
30/06/2026 20:29:06,yes,18–24,Male,Postgraduate,Private Employee,"Below ₹20,000",Instagram,2–4 hours,Yes,Fashion & Clothing,4,4,5,4,4,2,2,4,2,4,5,4,5,5,5,4,4,1,5,5,5,4,,
30/06/2026 20:29:07,yes,25–34,Male,Postgraduate,Private Employee,"₹20,001–₹40,000",Facebook,1–2 hours,Yes,Home & Lifestyle,4,5,4,3,3,5,4,2,4,2,2,5,4,4,4,3,4,3,5,4,5,3,,
30/06/2026 20:29:08,yes,55 and above,Male,Postgraduate,Student,"₹20,001–₹40,000",Snapchat,1–2 hours,Yes,Fashion & Clothing,5,4,3,5,4,5,5,3,5,3,4,4,4,4,4,4,5,4,5,4,2,5,,
30/06/2026 20:29:10,yes,35–44,Female,Undergraduate,Student,"₹40,001–₹60,000",Instagram,Less than 1 hour,Yes,Home & Lifestyle,4,2,5,4,3,5,5,5,4,2,2,5,5,2,4,5,5,5,5,3,5,3,,
30/06/2026 20:29:09,yes,18–24,Male,Postgraduate,Private Employee,"₹40,001–₹60,000",Instagram,2–4 hours,Yes,Electronics,5,5,3,3,4,5,3,5,4,5,1,4,5,2,5,5,1,5,1,5,4,3,,
30/06/2026 20:29:11,yes,25–34,Male,High School,Student,"Below ₹20,000",Instagram,1–2 hours,Yes,Electronics,5,4,5,3,3,5,4,3,4,4,3,5,4,2,5,4,3,4,5,5,1,3,,
30/06/2026 20:29:12,yes,Below 18,Female,Diploma,Self-employed,"₹60,001–₹80,000",Instagram,More than 6 hours,Yes,Beauty & Personal Care,3,2,2,2,3,5,4,5,4,5,4,3,5,4,5,4,2,5,2,3,5,2,,
30/06/2026 20:29:12,yes,18–24,Female,High School,Student,"Below ₹20,000",X (Twitter),1–2 hours,Yes,Fashion & Clothing,3,5,5,1,4,5,5,4,3,4,5,5,5,3,3,4,4,5,4,1,5,5,,
30/06/2026 20:29:13,yes,25–34,Female,Undergraduate,Student,"Below ₹20,000",Instagram,Less than 1 hour,Yes,Beauty & Personal Care,2,5,5,5,4,5,5,4,4,3,4,4,3,5,2,2,4,3,5,5,5,4,,
30/06/2026 20:29:14,yes,25–34,Female,Undergraduate,Private Employee,"Below ₹20,000",Instagram,More than 6 hours,Yes,Electronics,4,5,4,3,4,1,3,4,3,3,4,3,4,3,5,4,3,4,5,5,4,3,,
30/06/2026 20:29:15,yes,18–24,Female,Undergraduate,Self-employed,"Below ₹20,000",Instagram,2–4 hours,No,Fashion & Clothing,3,5,5,4,4,1,4,2,5,4,3,4,1,4,2,3,4,4,4,4,5,2,,
30/06/2026 20:29:16,yes,35–44,Male,Diploma,Student,"Below ₹20,000",Instagram,2–4 hours,Yes,Beauty & Personal Care,2,5,5,5,1,3,2,3,4,4,3,4,2,5,4,4,4,5,4,5,5,5,,
30/06/2026 20:29:17,yes,18–24,Male,Undergraduate,Homemaker,"Above ₹80,000",Snapchat,1–2 hours,Yes,Food & Beverages,3,4,2,4,4,4,3,1,4,1,2,5,4,5,2,5,5,4,2,5,4,3,,
30/06/2026 20:29:18,yes,25–34,Female,Diploma,Student,"Below ₹20,000",YouTube,2–4 hours,Yes,Fashion & Clothing,3,3,4,3,4,4,3,4,3,3,4,5,1,5,3,3,4,4,4,4,4,4,,
30/06/2026 20:29:19,yes,18–24,Male,Undergraduate,Private Employee,"Below ₹20,000",WhatsApp,1–2 hours,Yes,Electronics,5,4,5,4,2,1,4,3,3,4,4,4,3,4,5,2,3,3,4,3,5,3,,
30/06/2026 20:29:20,yes,18–24,Female,High School,Student,"Above ₹80,000",YouTube,1–2 hours,Yes,Food & Beverages,4,1,3,5,4,4,4,1,2,5,5,3,4,4,4,2,4,1,2,3,1,1,,
30/06/2026 20:29:21,yes,25–34,Female,Postgraduate,Homemaker,"₹20,001–₹40,000",Instagram,1–2 hours,Yes,Fashion & Clothing,4,4,4,3,4,4,5,5,4,4,2,3,4,3,4,4,4,5,5,2,5,4,,
30/06/2026 20:29:22,no,35–44,Male,High School,Homemaker,"₹60,001–₹80,000",YouTube,2–4 hours,No,Beauty & Personal Care,4,5,1,4,5,2,1,2,3,4,5,4,4,5,5,3,5,5,3,2,5,4,,
30/06/2026 20:29:23,yes,45–54,Male,Postgraduate,Student,"₹60,001–₹80,000",X (Twitter),4–6 hours,Yes,Beauty & Personal Care,3,5,1,1,5,4,4,3,3,4,4,3,5,4,5,5,4,5,2,3,2,5,,
30/06/2026 20:29:24,yes,18–24,Male,Undergraduate,Student,"Below ₹20,000",Instagram,4–6 hours,Yes,Fashion & Clothing,5,4,4,5,5,3,3,1,5,3,3,5,4,5,4,5,5,3,5,1,4,1,,
30/06/2026 20:29:25,yes,18–24,Male,Undergraduate,Student,"₹40,001–₹60,000",Instagram,4–6 hours,Yes,Fashion & Clothing,4,5,5,5,2,4,3,2,5,4,1,4,5,3,2,3,4,2,2,5,2,3,,
30/06/2026 20:29:25,yes,25–34,Female,Postgraduate,Self-employed,"₹20,001–₹40,000",LinkedIn,1–2 hours,Yes,Fashion & Clothing,4,4,5,5,5,4,5,4,5,2,5,5,5,5,5,5,5,5,3,4,1,2,,
30/06/2026 20:29:26,yes,18–24,Male,Undergraduate,Business Owner,"Below ₹20,000",Instagram,1–2 hours,Yes,Fashion & Clothing,3,4,1,1,4,4,5,5,5,5,5,5,2,1,5,3,2,4,4,5,3,2,,
30/06/2026 20:29:27,yes,55 and above,Female,Postgraduate,Homemaker,"Above ₹80,000",X (Twitter),4–6 hours,Yes,Beauty & Personal Care,2,3,3,5,5,1,5,2,5,5,2,2,5,2,5,1,3,4,4,4,4,5,,
30/06/2026 20:29:28,yes,Below 18,Male,Others,Homemaker,"Below ₹20,000",Others,2–4 hours,No,Electronics,5,3,4,2,4,3,5,4,3,2,5,2,5,5,5,4,5,4,4,4,2,5,,
30/06/2026 20:29:29,yes,18–24,Female,Undergraduate,Student,"Below ₹20,000",Instagram,Less than 1 hour,Yes,Electronics,5,4,4,3,4,3,5,4,1,4,5,5,3,5,5,4,4,5,3,2,2,4,,
30/06/2026 20:29:30,yes,18–24,Male,Undergraduate,Student,"Above ₹80,000",YouTube,2–4 hours,No,Fashion & Clothing,4,1,3,1,3,2,3,5,3,5,3,2,3,4,5,3,4,1,2,4,4,4,,
30/06/2026 20:29:31,yes,25–34,Male,Postgraduate,Business Owner,"Below ₹20,000",LinkedIn,Less than 1 hour,Yes,Food & Beverages,3,5,3,2,1,1,1,1,4,4,5,4,5,4,2,3,3,5,4,5,5,5,,
30/06/2026 20:29:32,yes,18–24,Male,Postgraduate,Private Employee,"₹40,001–₹60,000",YouTube,Less than 1 hour,No,Fashion & Clothing,4,4,3,3,3,3,4,3,5,5,5,2,4,4,3,4,4,1,5,4,2,5,,
30/06/2026 20:29:33,yes,18–24,Female,Undergraduate,Student,"₹40,001–₹60,000",Instagram,4–6 hours,Yes,Electronics,3,5,4,4,4,4,1,4,4,4,4,2,4,4,3,4,5,5,5,5,3,4,,
30/06/2026 20:29:34,yes,25–34,Prefer not to say,Postgraduate,Private Employee,"₹60,001–₹80,000",Facebook,2–4 hours,No,Beauty & Personal Care,3,4,3,5,5,5,5,3,4,4,5,4,3,3,4,4,4,5,2,5,4,3,,
30/06/2026 20:29:35,yes,18–24,Male,High School,Private Employee,"Above ₹80,000",Instagram,1–2 hours,Yes,Electronics,5,4,5,4,5,2,5,3,1,2,4,5,5,1,5,3,3,5,4,5,5,3,,
30/06/2026 20:29:36,yes,35–44,Male,Undergraduate,Homemaker,"₹40,001–₹60,000",Others,More than 6 hours,Yes,Food & Beverages,3,1,4,3,5,3,5,3,5,1,5,3,5,5,5,2,3,4,4,5,5,3,,
30/06/2026 20:29:37,yes,18–24,Male,Postgraduate,Private Employee,"₹60,001–₹80,000",Instagram,Less than 1 hour,Yes,Fashion & Clothing,5,5,1,4,4,4,5,2,4,2,5,3,5,3,5,5,2,3,1,4,5,5,,
30/06/2026 20:29:38,yes,18–24,Male,Undergraduate,Student,"₹40,001–₹60,000",WhatsApp,1–2 hours,Yes,Electronics,4,5,3,5,3,3,2,3,3,2,5,4,4,4,5,4,3,4,4,4,4,5,,
30/06/2026 20:29:38,yes,45–54,Male,Undergraduate,Private Employee,"Below ₹20,000",Instagram,2–4 hours,Yes,Fashion & Clothing,5,5,4,2,5,3,3,2,5,3,5,5,4,5,2,3,5,5,3,5,4,3,,
30/06/2026 20:29:39,yes,25–34,Female,Postgraduate,Student,"Below ₹20,000",WhatsApp,2–4 hours,Yes,Food & Beverages,4,5,5,2,4,5,4,2,5,4,3,5,5,4,4,3,4,3,5,5,5,5,,
30/06/2026 20:29:40,yes,25–34,Female,Undergraduate,Self-employed,"Below ₹20,000",LinkedIn,1–2 hours,Yes,Electronics,5,1,5,4,4,5,4,2,3,4,5,5,3,3,3,5,5,2,1,5,5,4,,
30/06/2026 20:29:41,yes,25–34,Male,Diploma,Private Employee,"Below ₹20,000",Instagram,Less than 1 hour,Yes,Electronics,2,5,1,4,4,2,5,4,5,2,5,4,4,5,4,3,5,2,4,1,4,3,,
30/06/2026 20:29:42,yes,45–54,Male,Postgraduate,Student,"₹40,001–₹60,000",Instagram,Less than 1 hour,Yes,Beauty & Personal Care,4,5,4,4,5,4,4,1,5,3,4,5,4,1,5,3,1,4,3,5,4,5,,
30/06/2026 20:29:43,yes,25–34,Male,Undergraduate,Student,"₹20,001–₹40,000",YouTube,2–4 hours,Yes,Fashion & Clothing,3,3,3,4,3,4,3,5,5,3,4,5,4,4,3,4,5,4,2,4,5,4,,
30/06/2026 20:29:44,yes,55 and above,Male,Postgraduate,Government Employee,"Below ₹20,000",Instagram,1–2 hours,Yes,Electronics,4,4,3,4,4,4,2,3,4,3,4,3,5,5,5,4,5,3,5,5,5,4,,
30/06/2026 20:29:45,yes,35–44,Female,Undergraduate,Student,"Below ₹20,000",YouTube,2–4 hours,No,Electronics,4,4,4,5,3,4,2,4,5,4,4,4,5,2,4,3,2,4,4,4,2,2,,
30/06/2026 20:29:46,yes,Below 18,Male,Diploma,Student,"Below ₹20,000",Instagram,4–6 hours,Yes,Electronics,3,5,3,5,2,5,4,4,2,5,5,4,4,4,2,2,4,3,3,5,5,4,,
30/06/2026 20:29:47,yes,18–24,Male,Undergraduate,Student,"₹20,001–₹40,000",YouTube,2–4 hours,Yes,Electronics,3,4,3,3,3,5,4,3,2,5,4,3,5,2,5,4,5,5,4,4,4,5,,
30/06/2026 20:29:48,yes,18–24,Female,Postgraduate,Private Employee,"₹60,001–₹80,000",Instagram,2–4 hours,Yes,Electronics,5,4,4,4,4,5,5,4,5,3,5,2,5,2,4,5,4,5,3,5,3,2,,
30/06/2026 20:29:49,yes,45–54,Male,Postgraduate,Private Employee,"₹20,001–₹40,000",Others,1–2 hours,Yes,Health & Fitness,2,4,4,3,5,5,4,3,5,4,5,4,3,4,4,3,4,4,5,3,4,3,,
30/06/2026 20:29:50,yes,Below 18,Male,Diploma,Student,"Below ₹20,000",Instagram,More than 6 hours,No,Electronics,2,5,5,5,4,5,5,2,4,4,4,5,4,5,4,3,2,3,3,4,5,5,,
30/06/2026 20:29:51,yes,Below 18,Prefer not to say,Diploma,Student,"Below ₹20,000",Facebook,1–2 hours,Yes,Food & Beverages,4,2,4,3,1,5,4,4,5,3,5,5,3,4,4,3,2,5,4,3,2,3,,
30/06/2026 20:29:51,yes,25–34,Female,Undergraduate,Student,"Below ₹20,000",Facebook,1–2 hours,No,Home & Lifestyle,3,4,3,5,5,3,5,3,4,5,4,5,1,2,4,1,4,1,4,3,5,5,,
30/06/2026 20:29:52,yes,18–24,Male,Undergraduate,Student,"₹40,001–₹60,000",Instagram,4–6 hours,Yes,Home & Lifestyle,3,4,3,3,5,2,5,4,4,5,5,5,3,4,5,5,4,2,1,3,5,4,,
30/06/2026 20:29:53,yes,25–34,Female,Postgraduate,Self-employed,"Below ₹20,000",Instagram,2–4 hours,Yes,Fashion & Clothing,4,3,5,5,3,4,4,3,5,5,5,4,3,5,4,5,4,4,5,4,3,4,,
30/06/2026 20:29:54,yes,25–34,Female,Undergraduate,Private Employee,"Below ₹20,000",Instagram,2–4 hours,No,Fashion & Clothing,5,3,4,4,3,5,4,3,5,3,3,3,4,2,4,5,4,4,2,4,3,4,,
30/06/2026 20:29:55,yes,18–24,Male,Others,Government Employee,"₹40,001–₹60,000",LinkedIn,More than 6 hours,Yes,Electronics,1,4,5,5,4,3,3,2,3,3,4,2,3,5,3,4,3,5,2,4,3,1,,
30/06/2026 20:29:56,yes,18–24,Female,Undergraduate,Student,"Below ₹20,000",Instagram,4–6 hours,No,Fashion & Clothing,3,5,4,5,5,2,5,5,3,4,5,3,3,2,5,3,3,5,5,2,4,1,,
30/06/2026 20:29:57,yes,18–24,Male,Undergraduate,Private Employee,"Below ₹20,000",X (Twitter),4–6 hours,Yes,Fashion & Clothing,5,4,1,3,4,4,5,3,5,4,1,4,2,3,3,1,5,4,4,4,4,5,,
30/06/2026 20:29:58,yes,25–34,Female,Undergraduate,Private Employee,"Below ₹20,000",WhatsApp,4–6 hours,Yes,Food & Beverages,5,5,3,5,3,4,5,4,5,4,4,3,4,2,4,3,5,3,5,4,3,5,,
30/06/2026 20:29:59,yes,25–34,Prefer not to say,Undergraduate,Private Employee,"Above ₹80,000",YouTube,1–2 hours,Yes,Food & Beverages,1,5,4,5,4,5,4,4,3,1,4,3,4,3,5,1,2,4,2,2,4,3,,
30/06/2026 20:30:00,yes,45–54,Male,Diploma,Student,"₹20,001–₹40,000",Instagram,1–2 hours,No,Fashion & Clothing,5,2,4,5,3,3,4,3,5,4,4,4,2,3,4,4,5,5,5,4,4,1,,
30/06/2026 20:30:01,yes,18–24,Male,Undergraduate,Government Employee,"Below ₹20,000",YouTube,1–2 hours,Yes,Others,5,4,5,4,5,5,4,5,5,2,4,3,4,2,5,1,4,2,5,2,4,5,,
30/06/2026 20:30:02,yes,18–24,Male,High School,Private Employee,"Above ₹80,000",Instagram,2–4 hours,Yes,Fashion & Clothing,5,4,5,2,5,4,4,4,1,4,5,2,5,5,3,2,2,4,5,5,4,4,,
30/06/2026 20:30:03,yes,18–24,Male,High School,Private Employee,"₹20,001–₹40,000",Snapchat,4–6 hours,No,Beauty & Personal Care,3,5,4,5,3,4,4,5,5,5,5,4,4,4,5,5,4,3,3,4,2,2,,
30/06/2026 20:30:03,yes,45–54,Male,High School,Student,"₹40,001–₹60,000",Instagram,2–4 hours,Yes,Others,5,4,4,4,4,3,4,2,5,5,5,4,1,1,1,2,5,5,5,3,4,4,,
30/06/2026 20:30:04,yes,18–24,Female,Undergraduate,Self-employed,"₹40,001–₹60,000",LinkedIn,Less than 1 hour,Yes,Electronics,5,4,4,3,3,3,4,4,5,3,5,4,4,4,5,4,4,5,5,2,3,4,,
30/06/2026 20:30:05,yes,25–34,Female,Postgraduate,Student,"Below ₹20,000",Facebook,2–4 hours,Yes,Beauty & Personal Care,3,4,4,5,3,5,4,4,5,3,4,5,4,3,5,5,3,3,5,4,5,4,,
30/06/2026 20:30:06,yes,25–34,Male,Undergraduate,Student,"₹20,001–₹40,000",Facebook,2–4 hours,No,Food & Beverages,2,4,4,5,3,4,3,4,4,5,3,3,4,3,5,2,5,4,3,5,5,3,,
30/06/2026 20:30:07,yes,45–54,Male,Others,Self-employed,"₹20,001–₹40,000",YouTube,4–6 hours,Yes,Fashion & Clothing,5,4,4,5,4,4,4,4,1,2,5,3,4,4,5,5,5,1,4,4,3,2,,
30/06/2026 20:30:08,yes,45–54,Male,High School,Private Employee,"Below ₹20,000",Instagram,2–4 hours,Yes,Fashion & Clothing,4,1,3,4,4,3,2,5,2,4,5,1,5,2,3,4,2,3,5,3,4,5,,
30/06/2026 20:30:09,yes,18–24,Male,Postgraduate,Private Employee,"Below ₹20,000",Instagram,Less than 1 hour,Yes,Fashion & Clothing,4,4,5,3,4,5,5,4,5,4,5,5,5,2,2,3,3,1,5,4,5,5,,
30/06/2026 20:30:10,yes,18–24,Male,Undergraduate,Self-employed,"₹20,001–₹40,000",WhatsApp,4–6 hours,Yes,Home & Lifestyle,5,4,4,4,4,5,5,3,5,5,3,3,3,5,4,5,4,3,4,5,3,4,,
30/06/2026 20:30:11,yes,35–44,Prefer not to say,High School,Others,"₹20,001–₹40,000",YouTube,2–4 hours,No,Electronics,5,4,4,3,2,3,4,5,4,4,4,3,3,4,3,4,2,3,4,3,3,3,,
30/06/2026 20:30:12,yes,25–34,Male,Diploma,Private Employee,"₹40,001–₹60,000",YouTube,1–2 hours,Yes,Electronics,3,5,2,5,3,2,4,4,5,5,5,4,3,3,3,1,5,2,4,3,2,4,,
30/06/2026 20:30:13,yes,18–24,Male,Undergraduate,Private Employee,"₹40,001–₹60,000",WhatsApp,2–4 hours,No,Fashion & Clothing,4,3,2,5,2,4,4,5,1,5,3,5,5,4,4,3,2,4,4,3,5,3,,
30/06/2026 20:30:13,yes,55 and above,Male,Others,Student,"₹20,001–₹40,000",Instagram,More than 6 hours,Yes,Electronics,5,5,4,5,5,4,5,4,3,1,4,1,4,2,4,3,4,5,2,5,4,4,,
30/06/2026 20:30:14,yes,18–24,Female,Diploma,Private Employee,"Below ₹20,000",Facebook,More than 6 hours,Yes,Fashion & Clothing,4,3,4,4,2,5,5,4,2,3,4,3,4,5,4,4,5,5,5,3,3,3,,
30/06/2026 20:30:15,yes,18–24,Male,Postgraduate,Student,"₹20,001–₹40,000",YouTube,2–4 hours,Yes,Fashion & Clothing,5,5,4,3,4,5,3,2,4,1,4,5,5,4,4,4,4,4,5,4,4,2,,
30/06/2026 20:30:16,yes,18–24,Male,Postgraduate,Student,"₹40,001–₹60,000",Instagram,4–6 hours,Yes,Electronics,2,2,2,5,4,4,3,4,2,1,4,5,4,4,4,3,4,1,4,4,3,3,,
30/06/2026 20:30:17,yes,25–34,Female,Undergraduate,Private Employee,"₹20,001–₹40,000",Others,2–4 hours,Yes,Food & Beverages,3,2,1,4,2,4,5,5,3,5,2,5,5,5,5,4,3,3,5,5,2,4,,
30/06/2026 20:30:18,yes,18–24,Female,Undergraduate,Student,"₹40,001–₹60,000",WhatsApp,2–4 hours,Yes,Beauty & Personal Care,3,3,1,4,5,4,4,1,5,1,1,1,3,2,5,4,4,4,3,3,1,5,,
30/06/2026 20:30:19,yes,18–24,Male,Undergraduate,Homemaker,"₹60,001–₹80,000",Instagram,2–4 hours,Yes,Others,4,4,4,2,4,5,3,5,3,3,5,5,5,4,3,4,4,4,5,2,4,4,,
30/06/2026 20:30:20,yes,18–24,Female,Undergraduate,Self-employed,"Below ₹20,000",Facebook,1–2 hours,Yes,Beauty & Personal Care,5,5,4,5,2,3,1,3,3,3,4,5,5,4,2,4,4,5,4,4,4,5,,
30/06/2026 20:30:21,yes,18–24,Male,Diploma,Others,"₹20,001–₹40,000",YouTube,2–4 hours,Yes,Beauty & Personal Care,4,5,3,3,5,4,4,3,5,4,3,4,5,4,5,3,5,4,5,4,2,4,,
30/06/2026 20:30:22,yes,Below 18,Male,Undergraduate,Student,"Below ₹20,000",Instagram,1–2 hours,Yes,Electronics,3,4,4,2,4,2,3,4,3,5,3,4,4,4,3,4,4,1,4,4,4,3,,
30/06/2026 20:30:23,yes,25–34,Prefer not to say,Undergraduate,Student,"Below ₹20,000",YouTube,1–2 hours,No,Electronics,4,3,2,2,4,5,4,2,5,5,2,5,2,5,4,2,4,2,4,4,1,5,,
30/06/2026 20:30:24,yes,18–24,Female,Undergraduate,Student,"₹60,001–₹80,000",Instagram,More than 6 hours,Yes,Fashion & Clothing,4,3,5,5,3,5,4,3,4,4,5,4,5,4,2,4,3,3,3,4,4,3,,
30/06/2026 20:30:25,yes,25–34,Female,Undergraduate,Student,"Below ₹20,000",YouTube,1–2 hours,No,Electronics,5,2,2,2,4,3,4,3,4,5,4,3,3,3,5,5,5,5,2,4,4,1,,
30/06/2026 20:30:25,yes,25–34,Female,Postgraduate,Homemaker,"₹40,001–₹60,000",YouTube,2–4 hours,Yes,Electronics,4,4,4,3,4,5,1,4,3,3,2,5,4,4,5,4,3,5,5,4,3,3,,
30/06/2026 20:30:26,yes,25–34,Male,Undergraduate,Private Employee,"₹40,001–₹60,000",Snapchat,More than 6 hours,Yes,Health & Fitness,4,2,4,5,4,3,5,3,2,3,4,4,2,4,4,4,5,4,5,5,5,4,,
30/06/2026 20:30:27,yes,25–34,Male,Postgraduate,Business Owner,"₹20,001–₹40,000",Instagram,2–4 hours,Yes,Electronics,3,5,2,4,1,3,4,5,4,4,4,4,3,5,4,5,5,5,4,5,3,5,,
30/06/2026 20:30:28,yes,35–44,Female,Undergraduate,Private Employee,"₹20,001–₹40,000",Instagram,1–2 hours,No,Home & Lifestyle,1,4,5,4,5,4,1,1,5,4,2,5,2,5,2,2,4,2,4,4,3,5,,
30/06/2026 20:30:29,yes,18–24,Female,Diploma,Private Employee,"₹20,001–₹40,000",Facebook,4–6 hours,Yes,Fashion & Clothing,5,4,3,1,1,4,4,3,1,3,3,3,5,4,3,4,3,3,4,3,4,4,,
30/06/2026 20:30:30,yes,18–24,Female,Postgraduate,Self-employed,"Below ₹20,000",Instagram,2–4 hours,Yes,Food & Beverages,3,2,5,2,2,4,5,5,3,4,4,3,4,5,5,3,4,5,3,4,5,4,,
30/06/2026 20:30:31,yes,18–24,Male,Postgraduate,Business Owner,"Above ₹80,000",YouTube,1–2 hours,Yes,Beauty & Personal Care,5,5,4,4,5,3,4,2,5,2,5,3,5,5,4,2,2,5,4,5,4,5,,
30/06/2026 20:30:32,yes,18–24,Male,Undergraduate,Private Employee,"₹20,001–₹40,000",LinkedIn,2–4 hours,Yes,Food & Beverages,3,3,4,3,5,5,4,5,5,4,2,3,4,4,4,4,5,5,5,4,4,4,,
30/06/2026 20:30:33,yes,18–24,Female,Undergraduate,Student,"₹20,001–₹40,000",WhatsApp,4–6 hours,Yes,Electronics,3,5,5,5,3,1,1,5,5,4,3,5,5,3,1,5,5,2,1,4,4,5,,
30/06/2026 20:30:34,yes,18–24,Male,Undergraduate,Government Employee,"₹60,001–₹80,000",Instagram,Less than 1 hour,Yes,Fashion & Clothing,4,5,3,4,3,3,5,4,4,5,1,5,4,4,5,5,5,5,4,4,2,4,,
30/06/2026 20:30:34,yes,18–24,Male,Others,Student,"₹60,001–₹80,000",Instagram,2–4 hours,Yes,Beauty & Personal Care,4,5,5,4,3,4,3,4,5,5,5,4,5,5,3,3,4,4,4,2,4,2,,
30/06/2026 20:30:35,yes,55 and above,Male,Undergraduate,Business Owner,"₹40,001–₹60,000",Instagram,1–2 hours,Yes,Fashion & Clothing,2,2,4,4,5,3,1,5,4,4,5,3,5,3,3,4,4,5,3,5,4,5,,
30/06/2026 20:30:36,yes,25–34,Male,High School,Government Employee,"Below ₹20,000",Instagram,2–4 hours,Yes,Electronics,4,5,4,5,5,5,4,4,4,5,3,2,4,1,3,5,5,4,4,5,4,2,,